﻿구분,발표처,제목,웹주소
중앙부처,고용노동부,서훈 취소대상자 사전통지 및 의견진술 안내 공시송달,"=HYPERLINK(""http://www.korea.go.kr/ntnadmNews/859910?&amp;pageIndex=1"")"
중앙부처,교육부,교원능력개발평가 실시 대상에 유치원 교원 포함돼,"=HYPERLINK(""http://www.korea.go.kr/ntnadmNews/859915?&amp;pageIndex=1"")"
중앙부처,국토교통부,"[참고] 국토부, 자율주행차 상용화 대비 연구개발 지원 강화","=HYPERLINK(""http://www.korea.go.kr/ntnadmNews/859973?&amp;pageIndex=1"")"
중앙부처,농림축산식품부,원산지 인증제 활성화 방안 모색을 위한 온라인 정책포럼 실시 공고,"=HYPERLINK(""http://www.korea.go.kr/ntnadmNews/859836?&amp;pageIndex=2"")"
중앙부처,농림축산식품부,농업인 확인서 발급규정 개정(안) 행정예고 알림,"=HYPERLINK(""http://www.korea.go.kr/ntnadmNews/859834?&amp;pageIndex=2"")"
중앙부처,대한무역투자진흥공사,항저우 O2O 한국상품판촉전,"=HYPERLINK(""http://www.korea.go.kr/ntnadmNews/859699?&amp;pageIndex=2"")"
중앙부처,대한무역투자진흥공사,2016 글로벌 유통망 소싱페어,"=HYPERLINK(""http://www.korea.go.kr/ntnadmNews/859698?&amp;pageIndex=2"")"
중앙부처,대한무역투자진흥공사,라오스 경제사절단 참가기업 모집 공고,"=HYPERLINK(""http://www.korea.go.kr/ntnadmNews/859697?&amp;pageIndex=2"")"
중앙부처,민주평화통일자문회의,과장급 전보인사 (8.10),"=HYPERLINK(""http://www.korea.go.kr/ntnadmNews/859911?&amp;pageIndex=1"")"
중앙부처,방송통신위원회,2016년 7월 국민신문고 민원만족도 응답자 경품 추첨결과 공지,"=HYPERLINK(""http://www.korea.go.kr/ntnadmNews/859835?&amp;pageIndex=2"")"
중앙부처,보건복지부,폭염 대비 독거노인 보호활동 강화 요청,"=HYPERLINK(""http://www.korea.go.kr/ntnadmNews/859974?&amp;pageIndex=1"")"
중앙부처,보건복지부,"복지부, 정밀의료를 통해 ´개인 맞춤의료 실현´ 및 ´미래 신성장 동력 확보´ 추진","=HYPERLINK(""http://www.korea.go.kr/ntnadmNews/859972?&amp;pageIndex=1"")"
중앙부처,산림청,"서부지방산림청""휴가철 맞이 정부3.0, 규제개혁 대국민 홍보추진""","=HYPERLINK(""http://www.korea.go.kr/ntnadmNews/859976?&amp;pageIndex=1"")"
중앙부처,산림청,[국립수목원] 제5회 국립수목원 생활정원 공모전 공고,"=HYPERLINK(""http://www.korea.go.kr/ntnadmNews/859918?&amp;pageIndex=1"")"
중앙부처,산림청,[본청] 한국임업진흥원 임원(상임이사) 모집 공고,"=HYPERLINK(""http://www.korea.go.kr/ntnadmNews/859833?&amp;pageIndex=2"")"
중앙부처,인사혁신처,제10회 공무원음악대전 개최 공고,"=HYPERLINK(""http://www.korea.go.kr/ntnadmNews/859909?&amp;pageIndex=1"")"
중앙부처,인사혁신처,2016년도 외교관후보자 선발 제2차시험 합격자 면접시험 등록 및 일시·장소 등 변경 공고,"=HYPERLINK(""http://www.korea.go.kr/ntnadmNews/859908?&amp;pageIndex=2"")"
중앙부처,정책브리핑,[참고]「구글 지도반출 관련 협의체 일정」 보도 관련,"=HYPERLINK(""http://www.korea.go.kr/ntnadmNews/859608?&amp;pageIndex=3"")"
중앙부처,정책브리핑,2016 데프콘 한국대표 3위 입상,"=HYPERLINK(""http://www.korea.go.kr/ntnadmNews/859607?&amp;pageIndex=3"")"
중앙부처,정책브리핑,창조경제 융합 스포츠 산업혁신 포럼개최,"=HYPERLINK(""http://www.korea.go.kr/ntnadmNews/859606?&amp;pageIndex=3"")"
중앙부처,정책브리핑,(참고자료) 최근 전력수요의 기온 효과 및 전력수급 대책,"=HYPERLINK(""http://www.korea.go.kr/ntnadmNews/859605?&amp;pageIndex=3"")"
중앙부처,정책브리핑,"(참고자료) “문 열고 냉방영업”본격 단속 시작, 과태료 부과는 8.11일부터","=HYPERLINK(""http://www.korea.go.kr/ntnadmNews/859604?&amp;pageIndex=3"")"
중앙부처,정책브리핑,2016년 최고의 무궁화 우수분화는?,"=HYPERLINK(""http://www.korea.go.kr/ntnadmNews/859603?&amp;pageIndex=3"")"
중앙부처,정책브리핑,"김성렬 행자부차관, 춘천시 민생현장 찾아","=HYPERLINK(""http://www.korea.go.kr/ntnadmNews/859602?&amp;pageIndex=3"")"
중앙부처,정책브리핑,파키스탄 퀘타市 병원 테러 관련 외교부 대변인 논평,"=HYPERLINK(""http://www.korea.go.kr/ntnadmNews/859601?&amp;pageIndex=4"")"
중앙부처,창업진흥원,[일반인 창업아카데미] 초기 스타트업 창업기술 솔루션 교육 수강생 모집,"=HYPERLINK(""http://www.korea.go.kr/ntnadmNews/859696?&amp;pageIndex=2"")"
중앙부처,창업진흥원,2016년 제3차 청년·기술창업교실 수강생 모집,"=HYPERLINK(""http://www.korea.go.kr/ntnadmNews/859695?&amp;pageIndex=3"")"
중앙부처,창업진흥원,2016년도 팁스(TIPS) 프로그램(민간투자주도형 기술창업지원) 운영사 선정 계획 공고,"=HYPERLINK(""http://www.korea.go.kr/ntnadmNews/859694?&amp;pageIndex=3"")"
중앙부처,청와대,박 대통령 “과학기술로 위기극복·경제 재도약 모멘텀”,"=HYPERLINK(""http://www.korea.go.kr/ntnadmNews/859975?&amp;pageIndex=1"")"
중앙부처,통계청,2016년 7월 고용동향,"=HYPERLINK(""http://www.korea.go.kr/ntnadmNews/859693?&amp;pageIndex=3"")"
중앙부처,한국관광공사,Visitkorea 외국어 온라인 지도 서비스 용역 입찰 재공고,"=HYPERLINK(""http://www.korea.go.kr/ntnadmNews/859700?&amp;pageIndex=2"")"
지자체,강원도 정선군,2016년 재난사각지대 재해예방사업 수의(소액) 견적제출 안내공고,"=HYPERLINK(""http://www.korea.go.kr/locgovNews/859672?&amp;pageIndex=8"")"
지자체,강원도 철원군,창조적 어린이 놀이문화공간 조성 디자인 공모전 결과발표,"=HYPERLINK(""http://www.korea.go.kr/locgovNews/859770?&amp;pageIndex=7"")"
지자체,강원도 홍천군,2016년도 자체 일자리창출사업(국가예방접종사업) 근로자 채용 공고,"=HYPERLINK(""http://www.korea.go.kr/locgovNews/859669?&amp;pageIndex=8"")"
지자체,경기도 광주시,주민세(균등분) 납부의 달,"=HYPERLINK(""http://www.korea.go.kr/locgovNews/859822?&amp;pageIndex=4"")"
지자체,경기도 광주시,광주시보건소 2016 모바일 건강관리사업 사업설명회 개최 안내,"=HYPERLINK(""http://www.korea.go.kr/locgovNews/859821?&amp;pageIndex=4"")"
지자체,경기도 광주시,경기도박물관 어린왕자 특별전 '광주시민의 날' 운영계획 홍보 협조,"=HYPERLINK(""http://www.korea.go.kr/locgovNews/859820?&amp;pageIndex=4"")"
지자체,경기도 광주시,2016년 하반기 여성문화센터 수강생 모집,"=HYPERLINK(""http://www.korea.go.kr/locgovNews/859814?&amp;pageIndex=5"")"
지자체,경기도 남양주시,남양주진건 기업형임대주택 공급촉진지구 전략환경영향평가 초안 공청회 개최 공고,"=HYPERLINK(""http://www.korea.go.kr/locgovNews/859805?&amp;pageIndex=6"")"
지자체,경기도 성남시,2016. 하계 하대원동 틈새강좌 수강생 모집공고,"=HYPERLINK(""http://www.korea.go.kr/locgovNews/859819?&amp;pageIndex=4"")"
지자체,경기도 성남시,복정동 우남마을 하수관거 정비공사 입찰 공고,"=HYPERLINK(""http://www.korea.go.kr/locgovNews/859818?&amp;pageIndex=4"")"
지자체,경기도 성남시,성남시 동원동 일반산업단지 지정 해제(안) 열람 공고,"=HYPERLINK(""http://www.korea.go.kr/locgovNews/859817?&amp;pageIndex=4"")"
지자체,경기도 성남시,성남시 어린이 건강체험관 제작 설치 용역 입찰 공고(협상에의한 계약),"=HYPERLINK(""http://www.korea.go.kr/locgovNews/859816?&amp;pageIndex=5"")"
지자체,경기도 성남시,"방문판매업, 전화권유판매업 신고사항 직권말소 사전통지 및 의견제출 공시송달 공고","=HYPERLINK(""http://www.korea.go.kr/locgovNews/859815?&amp;pageIndex=5"")"
지자체,경기도 수원시,숲으로 떠나는 가족힐링캠프 참여자 모집,"=HYPERLINK(""http://www.korea.go.kr/locgovNews/859810?&amp;pageIndex=5"")"
지자체,경기도 이천시,일반음식점 영업신고 사항 직권말소 예정공고 (금강식당),"=HYPERLINK(""http://www.korea.go.kr/locgovNews/859779?&amp;pageIndex=6"")"
지자체,경기도 이천시,전문건설업 신규등록 공고[제이디건설(주)],"=HYPERLINK(""http://www.korea.go.kr/locgovNews/859778?&amp;pageIndex=6"")"
지자체,경기도 이천시,생활방범용 CCTV 설치 공사 행정예고,"=HYPERLINK(""http://www.korea.go.kr/locgovNews/859777?&amp;pageIndex=6"")"
지자체,경기도 이천시,온가족이 함께하는 한여름밤 가족힐링영화제 참여가족 모집안내,"=HYPERLINK(""http://www.korea.go.kr/locgovNews/859678?&amp;pageIndex=8"")"
지자체,경기도 평택시,"실시계획(변경)인가 및 고시[양교지구 내 도시계획시설(도로,녹지,공원,유수지,수질...","=HYPERLINK(""http://www.korea.go.kr/locgovNews/859671?&amp;pageIndex=8"")"
지자체,경기도 평택시,실시계획(변경)인가 및 고시[양교지구 진출입로 도시계획시설(중로1-1호선 등 3개소...,"=HYPERLINK(""http://www.korea.go.kr/locgovNews/859670?&amp;pageIndex=8"")"
지자체,경기도 하남시,감북동 주민자치센터 프로그램 강사 모집,"=HYPERLINK(""http://www.korea.go.kr/locgovNews/859771?&amp;pageIndex=7"")"
지자체,경상남도 의령군,덕실마을 권역단위 종합정비사업 시행계획(변경) 고시,"=HYPERLINK(""http://www.korea.go.kr/locgovNews/859666?&amp;pageIndex=8"")"
지자체,경상남도 의령군,연화동마을 권역단위 종합정비사업 시행계획(변경) 고시,"=HYPERLINK(""http://www.korea.go.kr/locgovNews/859665?&amp;pageIndex=8"")"
지자체,경상남도 창녕군,수의계약 내역 공고(7월분),"=HYPERLINK(""http://www.korea.go.kr/locgovNews/859864?&amp;pageIndex=3"")"
지자체,경상남도 창녕군,퇴천-옥천간 군도19호선 도로확장공사 보상계획 공고,"=HYPERLINK(""http://www.korea.go.kr/locgovNews/859863?&amp;pageIndex=3"")"
지자체,경상남도 창녕군,퇴천-옥천간 군도19호선 도로확장공사 편입물건 미등기 공고,"=HYPERLINK(""http://www.korea.go.kr/locgovNews/859862?&amp;pageIndex=3"")"
지자체,경상북도,"경북도, 지방하천정비사업 국비 90억원 추가 확보","=HYPERLINK(""http://www.korea.go.kr/locgovNews/859924?&amp;pageIndex=1"")"
지자체,경상북도,"경북도, ‘사현·지동구간’ 터널 조기 개통","=HYPERLINK(""http://www.korea.go.kr/locgovNews/859923?&amp;pageIndex=1"")"
지자체,경상북도,[경북의 숨은 명소를 찾아서] 2. 거미줄처럼 얽힌 돌담길 따라 펼쳐지는 옛 이야기,"=HYPERLINK(""http://www.korea.go.kr/locgovNews/859916?&amp;pageIndex=1"")"
지자체,경상북도,"경북도, 대게사범 행정처분 강화","=HYPERLINK(""http://www.korea.go.kr/locgovNews/859913?&amp;pageIndex=1"")"
지자체,경상북도,똑 소리 나는 여름철 빨래 방법,"=HYPERLINK(""http://www.korea.go.kr/locgovNews/859912?&amp;pageIndex=1"")"
지자체,경상북도 의성군,2016년 경상북도 찾아가는 마을기업 설명회 신청 안내,"=HYPERLINK(""http://www.korea.go.kr/locgovNews/859895?&amp;pageIndex=1"")"
지자체,경상북도 의성군,규칙공포,"=HYPERLINK(""http://www.korea.go.kr/locgovNews/859894?&amp;pageIndex=1"")"
지자체,대구광역시 달서구,제13회 에너지의 날 전국 소등행사 함께해요~,"=HYPERLINK(""http://www.korea.go.kr/locgovNews/859812?&amp;pageIndex=5"")"
지자체,대구광역시 달서구,대구글로벌게임문화축제 e-Fun 2016 안내,"=HYPERLINK(""http://www.korea.go.kr/locgovNews/859811?&amp;pageIndex=5"")"
지자체,대구광역시 수성구,대구여고북편 외 2개소 노상주차장 관리수탁자 선정 전자입찰공고,"=HYPERLINK(""http://www.korea.go.kr/locgovNews/859825?&amp;pageIndex=4"")"
지자체,대구광역시 수성구,범어공영주차장 관리수탁자 선정 전자입찰 공고,"=HYPERLINK(""http://www.korea.go.kr/locgovNews/859824?&amp;pageIndex=4"")"
지자체,대구광역시 수성구,공용차량 매각 전자입찰 재공고,"=HYPERLINK(""http://www.korea.go.kr/locgovNews/859823?&amp;pageIndex=4"")"
지자체,대전광역시 중구,선화로 43번길 도로개설 및 확장공사 편입토지 및 지장물 등 보상 협의요청 공시송달,"=HYPERLINK(""http://www.korea.go.kr/locgovNews/859667?&amp;pageIndex=8"")"
지자체,부산광역시 기장군,도시관리계획(도로) 결정(안) 열람공고,"=HYPERLINK(""http://www.korea.go.kr/locgovNews/859594?&amp;pageIndex=9"")"
지자체,부산광역시 사상구,공익사업 편입토지 출입공고,"=HYPERLINK(""http://www.korea.go.kr/locgovNews/859764?&amp;pageIndex=7"")"
지자체,부산광역시 사하구,2017학년도 수시대비 대학입시설명회 개최 안내,"=HYPERLINK(""http://www.korea.go.kr/locgovNews/859776?&amp;pageIndex=6"")"
지자체,부산광역시 사하구,리우올림픽 관련 브라질 방문 관광객 감염병 예방수칙 안내,"=HYPERLINK(""http://www.korea.go.kr/locgovNews/859775?&amp;pageIndex=6"")"
지자체,부산광역시 사하구,A형간염 예방수칙 안내,"=HYPERLINK(""http://www.korea.go.kr/locgovNews/859774?&amp;pageIndex=6"")"
지자체,부산광역시 사하구,마을기업 창업 아이디어 경진대회 개최 안내,"=HYPERLINK(""http://www.korea.go.kr/locgovNews/859773?&amp;pageIndex=6"")"
지자체,부산광역시 수영구,2016년 옥외광고업 종사자 교육 일정 공고,"=HYPERLINK(""http://www.korea.go.kr/locgovNews/859593?&amp;pageIndex=9"")"
지자체,서울특별시 강동구,천호재정비촉진지구 천호1도시환경정비사업 사업시행(변경)인가(안) 공람 공고,"=HYPERLINK(""http://www.korea.go.kr/locgovNews/859768?&amp;pageIndex=7"")"
지자체,서울특별시 강동구,고덕주공6단지 주택재건축정비사업 정비구역(계획)변경지정 고시(경미한변경),"=HYPERLINK(""http://www.korea.go.kr/locgovNews/859767?&amp;pageIndex=7"")"
지자체,서울특별시 강동구,도로명주소 폐지고시[8.10],"=HYPERLINK(""http://www.korea.go.kr/locgovNews/859766?&amp;pageIndex=7"")"
지자체,서울특별시 강동구,도로명주소 부여고시[8.10],"=HYPERLINK(""http://www.korea.go.kr/locgovNews/859765?&amp;pageIndex=7"")"
지자체,서울특별시 강북구,광복절 강북구 근현대사기념관에 네티즌 모금으로 김구 선생 등 독립·민주 상징 조형물,"=HYPERLINK(""http://www.korea.go.kr/locgovNews/859861?&amp;pageIndex=3"")"
지자체,서울특별시 노원구,2016년3/4분기 영업용 화물자동차 유가보조금 서면신청,"=HYPERLINK(""http://www.korea.go.kr/locgovNews/859868?&amp;pageIndex=2"")"
지자체,서울특별시 노원구,자동차 의무보험 과태료 납부고지서(2016년 7월 부과분) 공시송달 공고,"=HYPERLINK(""http://www.korea.go.kr/locgovNews/859867?&amp;pageIndex=3"")"
지자체,서울특별시 동대문구,공유토지분할 서류 반송우편물 공시송달 공고,"=HYPERLINK(""http://www.korea.go.kr/locgovNews/859871?&amp;pageIndex=2"")"
지자체,서울특별시 서초구,"푸른산관리팀 공원,녹지분야 기간제근로자 부족인력 추가채용 공고","=HYPERLINK(""http://www.korea.go.kr/locgovNews/859772?&amp;pageIndex=6"")"
지자체,서울특별시 영등포구,2016년 예비사회적기업 지정 컨설팅(3차) 개최 안내,"=HYPERLINK(""http://www.korea.go.kr/locgovNews/859769?&amp;pageIndex=7"")"
지자체,서울특별시 은평구,2016년도 은평누리축제 주민참여프로그램 공모연장,"=HYPERLINK(""http://www.korea.go.kr/locgovNews/859869?&amp;pageIndex=2"")"
지자체,세종특별자치시,무궁화축제 시민 정원교실 특강,"=HYPERLINK(""http://www.korea.go.kr/locgovNews/859922?&amp;pageIndex=1"")"
지자체,세종특별자치시,"세종시, 무궁화축제 중 도로명주소 홍보관 운영","=HYPERLINK(""http://www.korea.go.kr/locgovNews/859921?&amp;pageIndex=1"")"
지자체,세종특별자치시,"세종시, 저소득층 자립 희망 꿈꾼다","=HYPERLINK(""http://www.korea.go.kr/locgovNews/859920?&amp;pageIndex=1"")"
지자체,세종특별자치시,규제영향분석서 공표(2016.8.10 ~ 8.30 ),"=HYPERLINK(""http://www.korea.go.kr/locgovNews/859860?&amp;pageIndex=3"")"
지자체,세종특별자치시,석학에게 듣는 우리 문화 이야기 강좌 및 작은 공연 안내,"=HYPERLINK(""http://www.korea.go.kr/locgovNews/859859?&amp;pageIndex=3"")"
지자체,울산광역시,"울산TP, 중소기업 기술+경영(MOT) 융합 맞춤형 교육","=HYPERLINK(""http://www.korea.go.kr/locgovNews/859827?&amp;pageIndex=3"")"
지자체,울산광역시,"울산박물관, 여름방학 교육프로그램 운영","=HYPERLINK(""http://www.korea.go.kr/locgovNews/859826?&amp;pageIndex=4"")"
지자체,울산광역시 중구,"도시관리계획(광장:경관광장)결정(변경)""안"" 입안사항 알림","=HYPERLINK(""http://www.korea.go.kr/locgovNews/859893?&amp;pageIndex=2"")"
지자체,전라남도,전라남도 재단법인 남도음식문화큰잔치 설립 및 운영 조례 일부개정 조례안 입법예고...,"=HYPERLINK(""http://www.korea.go.kr/locgovNews/859865?&amp;pageIndex=3"")"
지자체,전라남도 강진군,"수용재결신청에 따른 열람공고(강진-마량 도로건설공사,2차)","=HYPERLINK(""http://www.korea.go.kr/locgovNews/859806?&amp;pageIndex=6"")"
지자체,전라남도 곡성군,2016년 아동복지교사 추가채용 최종합격자 발표및 채용후보자 등록공고,"=HYPERLINK(""http://www.korea.go.kr/locgovNews/859813?&amp;pageIndex=5"")"
지자체,전라남도 신안군,"도로명주소(신규,폐지) 개별 고시","=HYPERLINK(""http://www.korea.go.kr/locgovNews/859763?&amp;pageIndex=7"")"
지자체,전라남도 장흥군,하천하구 정화사업 인력 모집공고(2차),"=HYPERLINK(""http://www.korea.go.kr/locgovNews/859762?&amp;pageIndex=7"")"
지자체,전라북도 고창군,2017년도 고부가가치식품 가공기술개발 지원사업 수요조사 시행 공고,"=HYPERLINK(""http://www.korea.go.kr/locgovNews/859876?&amp;pageIndex=2"")"
지자체,전라북도 고창군,송.변전설비 주변지역 지원사업 설명회 개최 홍보,"=HYPERLINK(""http://www.korea.go.kr/locgovNews/859875?&amp;pageIndex=2"")"
지자체,전라북도 고창군,소프트웨어 스타트업 지원사업(BizSpark) 안내,"=HYPERLINK(""http://www.korea.go.kr/locgovNews/859874?&amp;pageIndex=2"")"
지자체,전라북도 고창군,블로그와 SNS를 이용한 농업 마케팅 중급반교육 교육생 모집,"=HYPERLINK(""http://www.korea.go.kr/locgovNews/859873?&amp;pageIndex=2"")"
지자체,전라북도 고창군,제71주년 광복절,"=HYPERLINK(""http://www.korea.go.kr/locgovNews/859872?&amp;pageIndex=2"")"
지자체,전라북도 고창군,실내체육관뒤 도로개설공사 가로등 설치 전기공사,"=HYPERLINK(""http://www.korea.go.kr/locgovNews/859668?&amp;pageIndex=8"")"
지자체,충청남도 논산시,"논산시, 2016을지연습 준비 ‘만전’","=HYPERLINK(""http://www.korea.go.kr/locgovNews/859809?&amp;pageIndex=5"")"
지자체,충청남도 논산시,"논산시, 생활 속 어린이 암예방 교육자료 보급","=HYPERLINK(""http://www.korea.go.kr/locgovNews/859808?&amp;pageIndex=5"")"
지자체,충청남도 논산시,"논산농기센터, 3농혁신 전문 농업인 양성 노력","=HYPERLINK(""http://www.korea.go.kr/locgovNews/859807?&amp;pageIndex=5"")"
지자체,충청북도,폭염주의보 발표(7. 31(일) / 16:00),"=HYPERLINK(""http://www.korea.go.kr/locgovNews/859676?&amp;pageIndex=8"")"
지자체,충청북도 괴산군,용역전자입찰공고(2016-274)-세평~신흥간농어촌도로확포장폐기물처리용역,"=HYPERLINK(""http://www.korea.go.kr/locgovNews/859870?&amp;pageIndex=2"")"
지자체,충청북도 단양군,소상공인을 위한 시스템 홈페이지 웹 배너 홍보,"=HYPERLINK(""http://www.korea.go.kr/locgovNews/859866?&amp;pageIndex=3"")"
