﻿구분,발표처,제목,웹주소
중앙부처,통계청,통계야 놀자! 생각을 키워주는 초등통계교실 개최,"=HYPERLINK(""http://www.kdi.re.kr/policy/ep_view.jsp?idx=156984&amp;&amp;pp=10&amp;pg=2"")"
중앙부처,통계청,2016년 7월 고용동향,"=HYPERLINK(""http://www.kdi.re.kr/policy/ep_view.jsp?idx=156983&amp;&amp;pp=10&amp;pg=3"")"
중앙부처,해양수산부,"올여름, 시원한 해양스포츠축제와 함께 하세요!","=HYPERLINK(""http://www.kdi.re.kr/policy/ep_view.jsp?idx=156968&amp;&amp;pp=10&amp;pg=3"")"
중앙부처,해양수산부,「해사안전법」 하위법령 일부개정안 입법예고,"=HYPERLINK(""http://www.kdi.re.kr/policy/ep_view.jsp?idx=156971&amp;&amp;pp=10&amp;pg=3"")"
중앙부처,해양수산부,조선업 희망센터에 '귀어귀촌 이동상담소' 설치,"=HYPERLINK(""http://www.kdi.re.kr/policy/ep_view.jsp?idx=156969&amp;&amp;pp=10&amp;pg=4"")"
